{"cameraMode":{"drawMode":0,"name":"Shaded","section":"Shading Mode"},"sceneLighting":true,"audioPlay":false,"sceneViewState":{"m_AlwaysRefresh":false,"showFog":true,"showSkybox":true,"showFlares":true,"showImageEffects":true,"showParticleSystems":true,"showVisualEffectGraphs":true,"m_FxEnabled":true},"in2DMode":false,"pivot":{"x":3.4737911224365236,"y":1.4719502925872803,"z":-1.818636417388916},"rotation":{"x":0.22716888785362245,"y":-0.16271378099918366,"z":0.038524944335222247,"w":0.959399938583374},"size":11.577252388000489,"orthographic":true}