{"cameraMode":{"drawMode":0,"name":"Shaded","section":"Shading Mode"},"sceneLighting":false,"audioPlay":false,"sceneViewState":{"m_AlwaysRefresh":false,"showFog":true,"showSkybox":false,"showFlares":true,"showImageEffects":true,"showParticleSystems":true,"showVisualEffectGraphs":true,"m_FxEnabled":true},"in2DMode":false,"pivot":{"x":0.43246185779571535,"y":1.0632271766662598,"z":0.1605505347251892},"rotation":{"x":0.21607431769371034,"y":0.5227391719818115,"z":-0.1389530599117279,"w":0.8128677010536194},"size":1.8200873136520386,"orthographic":false}