{"cameraMode":{"drawMode":0,"name":"Shaded","section":"Shading Mode"},"sceneLighting":false,"audioPlay":false,"sceneViewState":{"m_AlwaysRefresh":false,"showFog":true,"showSkybox":false,"showFlares":true,"showImageEffects":true,"showParticleSystems":true,"showVisualEffectGraphs":true,"m_FxEnabled":true},"in2DMode":false,"pivot":{"x":0.0014652013778686524,"y":1.585349440574646,"z":0.5209906697273254},"rotation":{"x":0.0030875415541231634,"y":-0.9956825375556946,"z":0.03585979714989662,"w":0.0856349840760231},"size":2.2189667224884035,"orthographic":true}